[{"model": "admin.logentry", "pk": 1, "fields": {"action_time": "2025-04-26T03:39:35.221Z", "user": 1, "content_type": 7, "object_id": "1", "object_repr": "鶏むね肉", "action_flag": 1, "change_message": "[{\"added\": {}}]"}}, {"model": "admin.logentry", "pk": 2, "fields": {"action_time": "2025-04-26T03:39:46.062Z", "user": 1, "content_type": 7, "object_id": "2", "object_repr": "卵", "action_flag": 1, "change_message": "[{\"added\": {}}]"}}, {"model": "admin.logentry", "pk": 3, "fields": {"action_time": "2025-04-26T03:39:57.672Z", "user": 1, "content_type": 7, "object_id": "3", "object_repr": "キャベツ", "action_flag": 1, "change_message": "[{\"added\": {}}]"}}, {"model": "admin.logentry", "pk": 4, "fields": {"action_time": "2025-04-26T03:40:18.083Z", "user": 1, "content_type": 7, "object_id": "4", "object_repr": "鯖", "action_flag": 1, "change_message": "[{\"added\": {}}]"}}, {"model": "admin.logentry", "pk": 5, "fields": {"action_time": "2025-04-26T03:40:39.399Z", "user": 1, "content_type": 8, "object_id": "1", "object_repr": "主菜", "action_flag": 1, "change_message": "[{\"added\": {}}]"}}, {"model": "admin.logentry", "pk": 6, "fields": {"action_time": "2025-04-26T03:40:46.874Z", "user": 1, "content_type": 8, "object_id": "2", "object_repr": "副菜", "action_flag": 1, "change_message": "[{\"added\": {}}]"}}, {"model": "admin.logentry", "pk": 7, "fields": {"action_time": "2025-04-26T03:41:04.270Z", "user": 1, "content_type": 8, "object_id": "3", "object_repr": "ご飯", "action_flag": 1, "change_message": "[{\"added\": {}}]"}}, {"model": "admin.logentry", "pk": 8, "fields": {"action_time": "2025-04-26T03:41:17.478Z", "user": 1, "content_type": 8, "object_id": "4", "object_repr": "麺類", "action_flag": 1, "change_message": "[{\"added\": {}}]"}}, {"model": "admin.logentry", "pk": 9, "fields": {"action_time": "2025-04-26T03:41:36.490Z", "user": 1, "content_type": 8, "object_id": "5", "object_repr": "お菓子・デザート", "action_flag": 1, "change_message": "[{\"added\": {}}]"}}, {"model": "admin.logentry", "pk": 10, "fields": {"action_time": "2025-04-26T23:00:26.748Z", "user": 1, "content_type": 9, "object_id": "1", "object_repr": "ちきん", "action_flag": 3, "change_message": ""}}, {"model": "admin.logentry", "pk": 11, "fields": {"action_time": "2025-04-27T04:24:53.981Z", "user": 1, "content_type": 9, "object_id": "4", "object_repr": "うんち", "action_flag": 3, "change_message": ""}}, {"model": "admin.logentry", "pk": 12, "fields": {"action_time": "2025-04-27T04:24:58.945Z", "user": 1, "content_type": 9, "object_id": "3", "object_repr": "ひつじ", "action_flag": 3, "change_message": ""}}, {"model": "admin.logentry", "pk": 13, "fields": {"action_time": "2025-04-27T04:25:03.072Z", "user": 1, "content_type": 9, "object_id": "2", "object_repr": "カルボナーラ", "action_flag": 3, "change_message": ""}}, {"model": "admin.logentry", "pk": 14, "fields": {"action_time": "2025-04-27T04:32:04.401Z", "user": 1, "content_type": 9, "object_id": "5", "object_repr": "テスト", "action_flag": 3, "change_message": ""}}, {"model": "admin.logentry", "pk": 15, "fields": {"action_time": "2025-04-27T04:35:01.103Z", "user": 1, "content_type": 9, "object_id": "6", "object_repr": "ひつじ", "action_flag": 3, "change_message": ""}}, {"model": "admin.logentry", "pk": 16, "fields": {"action_time": "2025-04-27T04:39:13.764Z", "user": 1, "content_type": 9, "object_id": "8", "object_repr": "カルボナーラ", "action_flag": 3, "change_message": ""}}, {"model": "admin.logentry", "pk": 17, "fields": {"action_time": "2025-04-27T04:39:18.245Z", "user": 1, "content_type": 9, "object_id": "7", "object_repr": "ひつじ", "action_flag": 3, "change_message": ""}}, {"model": "admin.logentry", "pk": 18, "fields": {"action_time": "2025-04-28T23:37:23.560Z", "user": 1, "content_type": 8, "object_id": "6", "object_repr": "冷凍弁当", "action_flag": 1, "change_message": "[{\"added\": {}}]"}}, {"model": "admin.logentry", "pk": 19, "fields": {"action_time": "2025-04-28T23:42:33.179Z", "user": 1, "content_type": 7, "object_id": "35", "object_repr": "もやし", "action_flag": 1, "change_message": "[{\"added\": {}}]"}}, {"model": "admin.logentry", "pk": 20, "fields": {"action_time": "2025-04-28T23:49:04.883Z", "user": 1, "content_type": 8, "object_id": "7", "object_repr": "汁物（スープ・カレー・味噌汁など）", "action_flag": 1, "change_message": "[{\"added\": {}}]"}}, {"model": "admin.logentry", "pk": 21, "fields": {"action_time": "2025-04-29T03:55:39.270Z", "user": 1, "content_type": 7, "object_id": "36", "object_repr": "にんにく", "action_flag": 1, "change_message": "[{\"added\": {}}]"}}, {"model": "auth.user", "pk": 1, "fields": {"password": "pbkdf2_sha256$1000000$3AJyaSqD9UXtwQO1lOAU9i$eNuPXW8Ugz6PHAGYujZoRTPSSQG1OqN9fpk9yFyXIw4=", "last_login": "2025-04-26T03:38:58.957Z", "is_superuser": true, "username": "takumid0419", "first_name": "", "last_name": "", "email": "takumid0419@outlook.com", "is_staff": true, "is_active": true, "date_joined": "2025-04-26T03:37:52.711Z", "groups": [], "user_permissions": []}}, {"model": "sessions.session", "pk": "u9nn800piy05fm5lfkgohnua7pstlz3u", "fields": {"session_data": ".eJxVjDsOwjAQRO_iGll28JeSnjNYu-s1DiBHipMKcXcSKQVounlv5i0SrEtNa-c5jVlchBan3w6Bntx2kB_Q7pOkqS3ziHJX5EG7vE2ZX9fD_Tuo0Ou2DiqGLQpJkSHA4K1jtmgHZAo6Ygbv8hnj4IozlkMp3jhVvI5RFSTx-QLmzzgo:1u8WNW:lnomqGA1VaMH63yEJXnKcF7_XTppcCSdGpLrfTXZZFo", "expire_date": "2025-05-10T03:38:58.976Z"}}, {"model": "ingredients.ingredient", "pk": 1, "fields": {"name": "鶏むね肉", "reading": "とりむねにく", "type": "肉・魚・大豆・卵"}}, {"model": "ingredients.ingredient", "pk": 2, "fields": {"name": "卵", "reading": "たまご", "type": "肉・魚・大豆・卵"}}, {"model": "ingredients.ingredient", "pk": 3, "fields": {"name": "キャベツ", "reading": "きゃべつ", "type": "野菜"}}, {"model": "ingredients.ingredient", "pk": 4, "fields": {"name": "鯖", "reading": "さば", "type": "肉・魚・大豆・卵"}}, {"model": "ingredients.ingredient", "pk": 5, "fields": {"name": "にんじん", "reading": "にんじん", "type": "野菜"}}, {"model": "ingredients.ingredient", "pk": 6, "fields": {"name": "じゃがいも", "reading": "じゃがいも", "type": "野菜"}}, {"model": "ingredients.ingredient", "pk": 7, "fields": {"name": "オクラ", "reading": "おくら", "type": "野菜"}}, {"model": "ingredients.ingredient", "pk": 8, "fields": {"name": "玉ねぎ", "reading": "たまねぎ", "type": "野菜"}}, {"model": "ingredients.ingredient", "pk": 9, "fields": {"name": "カボチャ", "reading": "かぼちゃ", "type": "野菜"}}, {"model": "ingredients.ingredient", "pk": 10, "fields": {"name": "鶏ささみ", "reading": "とりささみ", "type": "肉・魚・大豆・卵"}}, {"model": "ingredients.ingredient", "pk": 11, "fields": {"name": "レタス", "reading": "れたす", "type": "野菜"}}, {"model": "ingredients.ingredient", "pk": 12, "fields": {"name": "もめん豆腐", "reading": "もめんとうふ", "type": "肉・魚・大豆・卵"}}, {"model": "ingredients.ingredient", "pk": 13, "fields": {"name": "絹豆腐", "reading": "きぬとうふ", "type": "肉・魚・大豆・卵"}}, {"model": "ingredients.ingredient", "pk": 14, "fields": {"name": "トマト缶", "reading": "とまとかん", "type": "野菜"}}, {"model": "ingredients.ingredient", "pk": 15, "fields": {"name": "きゅうり", "reading": "きゅうり", "type": "野菜"}}, {"model": "ingredients.ingredient", "pk": 16, "fields": {"name": "トマト", "reading": "とまと", "type": "野菜"}}, {"model": "ingredients.ingredient", "pk": 17, "fields": {"name": "ピーマン", "reading": "ぴーまん", "type": "野菜"}}, {"model": "ingredients.ingredient", "pk": 18, "fields": {"name": "なす", "reading": "なす", "type": "野菜"}}, {"model": "ingredients.ingredient", "pk": 19, "fields": {"name": "ほうれん草", "reading": "ほうれんそう", "type": "野菜"}}, {"model": "ingredients.ingredient", "pk": 20, "fields": {"name": "小松菜", "reading": "こまつな", "type": "野菜"}}, {"model": "ingredients.ingredient", "pk": 21, "fields": {"name": "白菜", "reading": "はくさい", "type": "野菜"}}, {"model": "ingredients.ingredient", "pk": 22, "fields": {"name": "大根", "reading": "だいこん", "type": "野菜"}}, {"model": "ingredients.ingredient", "pk": 23, "fields": {"name": "ごぼう", "reading": "ごぼう", "type": "野菜"}}, {"model": "ingredients.ingredient", "pk": 24, "fields": {"name": "しいたけ", "reading": "しいたけ", "type": "野菜"}}, {"model": "ingredients.ingredient", "pk": 25, "fields": {"name": "しめじ", "reading": "しめじ", "type": "野菜"}}, {"model": "ingredients.ingredient", "pk": 26, "fields": {"name": "えのき", "reading": "えのき", "type": "野菜"}}, {"model": "ingredients.ingredient", "pk": 27, "fields": {"name": "米粉", "reading": "こめこ", "type": "米・麺・パスタ"}}, {"model": "ingredients.ingredient", "pk": 28, "fields": {"name": "米", "reading": "こめ", "type": "米・麺・パスタ"}}, {"model": "ingredients.ingredient", "pk": 29, "fields": {"name": "うどん", "reading": "うどん", "type": "米・麺・パスタ"}}, {"model": "ingredients.ingredient", "pk": 30, "fields": {"name": "そば", "reading": "そば", "type": "米・麺・パスタ"}}, {"model": "ingredients.ingredient", "pk": 31, "fields": {"name": "パスタ", "reading": "ぱすた", "type": "米・麺・パスタ"}}, {"model": "ingredients.ingredient", "pk": 32, "fields": {"name": "パン", "reading": "ぱん", "type": "米・麺・パスタ"}}, {"model": "ingredients.ingredient", "pk": 33, "fields": {"name": "チーズ", "reading": "ちーず", "type": "その他"}}, {"model": "ingredients.ingredient", "pk": 34, "fields": {"name": "牛乳", "reading": "ぎゅうにゅう", "type": "その他"}}, {"model": "ingredients.ingredient", "pk": 35, "fields": {"name": "もやし", "reading": "もやし", "type": "野菜"}}, {"model": "ingredients.ingredient", "pk": 36, "fields": {"name": "にんにく", "reading": "にんにく", "type": "野菜"}}, {"model": "recipes.category", "pk": 1, "fields": {"name": "主菜"}}, {"model": "recipes.category", "pk": 2, "fields": {"name": "副菜"}}, {"model": "recipes.category", "pk": 3, "fields": {"name": "ご飯"}}, {"model": "recipes.category", "pk": 4, "fields": {"name": "麺類"}}, {"model": "recipes.category", "pk": 5, "fields": {"name": "お菓子・デザート"}}, {"model": "recipes.category", "pk": 6, "fields": {"name": "冷凍弁当"}}, {"model": "recipes.category", "pk": 7, "fields": {"name": "汁物（スープ・カレー・味噌汁など）"}}, {"model": "recipes.recipe", "pk": 11, "fields": {"name": "シンオムレツ　リュウジ", "url": "https://www.youtube.com/watch?v=1FFfvTXQprs&pp=ygUS44K344Oz44Kq44Og44Os44OE", "thumbnail": "https://img.youtube.com/vi/1FFfvTXQprs/sddefault.jpg", "notes": "", "created_at": "2025-04-28T23:35:13.877Z", "updated_at": "2025-04-28T23:35:13.877Z", "ingredients": [2, 8], "categories": [1]}}, {"model": "recipes.recipe", "pk": 12, "fields": {"name": "スパニッシュオムレツ　ジョージ", "url": "https://www.youtube.com/watch?v=jX2XQQsPWsE&pp=ygUb44K444On44O844K444CA44Kq44Og44Os44OE", "thumbnail": "https://img.youtube.com/vi/jX2XQQsPWsE/sddefault.jpg", "notes": "", "created_at": "2025-04-28T23:36:19.327Z", "updated_at": "2025-04-28T23:36:19.327Z", "ingredients": [2, 8], "categories": [1]}}, {"model": "recipes.recipe", "pk": 13, "fields": {"name": "【弁当】チキンカチャトーラ弁当5食分", "url": "https://www.youtube.com/watch?v=2N9agFFKwTk&pp=ygUb5Ya35YeN5byB5b2T44CA44Gf44KT44Gx44GP", "thumbnail": "https://img.youtube.com/vi/2N9agFFKwTk/sddefault.jpg", "notes": "", "created_at": "2025-04-28T23:40:49.456Z", "updated_at": "2025-04-30T04:29:03.354Z", "ingredients": [1, 8, 14], "categories": [6]}}, {"model": "recipes.recipe", "pk": 14, "fields": {"name": "キャベツナムル", "url": "https://www.youtube.com/watch?v=w758Kg18QMk&pp=ygUV44Kt44Oj44OZ44OE44OK44Og44Or0gcJCYQJAYcqIYzv", "thumbnail": "https://img.youtube.com/vi/w758Kg18QMk/sddefault.jpg", "notes": "", "created_at": "2025-04-28T23:41:31.892Z", "updated_at": "2025-04-28T23:41:31.892Z", "ingredients": [3], "categories": [2]}}, {"model": "recipes.recipe", "pk": 15, "fields": {"name": "米粉パン　卵無し", "url": "https://www.youtube.com/watch?v=Nrv6-faYH0U&pp=ygUT57Gz57KJIOiSuOOBl-ODkeODsw%3D%3D", "thumbnail": "https://img.youtube.com/vi/Nrv6-faYH0U/sddefault.jpg", "notes": "ベーキングパウダー必要", "created_at": "2025-04-28T23:45:07.094Z", "updated_at": "2025-04-28T23:45:07.095Z", "ingredients": [27], "categories": [5]}}, {"model": "recipes.recipe", "pk": 16, "fields": {"name": "至高のカボチャサラダ", "url": "https://www.youtube.com/watch?v=koS8HgvZwYs&t=196s&pp=ygUV44GL44G844Gh44KD44K144Op44OA0gcJCYQJAYcqIYzv", "thumbnail": "https://img.youtube.com/vi/koS8HgvZwYs/sddefault.jpg", "notes": "ヨーグルトor マヨネーズ", "created_at": "2025-04-28T23:46:37.999Z", "updated_at": "2025-04-28T23:46:37.999Z", "ingredients": [2, 8, 9], "categories": [2]}}, {"model": "recipes.recipe", "pk": 17, "fields": {"name": "鯖缶のあら汁", "url": "https://youtu.be/zW8OoZPttg8?si=x_QZzasRJ-vDD61Y", "thumbnail": "https://img.youtube.com/vi/zW8OoZPttg8/sddefault.jpg", "notes": "玉ねぎ、わかめ、じゃがいも、ねぎ、豆腐\nがあると良い", "created_at": "2025-04-28T23:49:52.235Z", "updated_at": "2025-04-28T23:49:52.235Z", "ingredients": [4], "categories": [7]}}, {"model": "recipes.recipe", "pk": 18, "fields": {"name": "サバ缶の酢醤油和え", "url": "https://youtu.be/6ZP9jdsycBA?si=FHQwBhMMFmLHN0ll", "thumbnail": "https://img.youtube.com/vi/6ZP9jdsycBA/sddefault.jpg", "notes": "", "created_at": "2025-04-28T23:53:33.292Z", "updated_at": "2025-04-28T23:53:33.292Z", "ingredients": [4, 8], "categories": [1]}}, {"model": "recipes.recipe", "pk": 19, "fields": {"name": "絹とろ丼", "url": "https://youtu.be/-bOZCQ3NWiM?si=DwrNEjqj1wYAiOhQ", "thumbnail": "https://img.youtube.com/vi/-bOZCQ3NWiM/sddefault.jpg", "notes": "", "created_at": "2025-04-28T23:55:04.082Z", "updated_at": "2025-04-28T23:55:04.082Z", "ingredients": [2, 13], "categories": [3]}}, {"model": "recipes.recipe", "pk": 21, "fields": {"name": "新玉ねぎのとろとろチーズ蒸し", "url": "https://youtu.be/2e9ziqAwRQc?si=Eeyw6yGkHee6SScC", "thumbnail": "https://img.youtube.com/vi/2e9ziqAwRQc/sddefault.jpg", "notes": "", "created_at": "2025-04-29T01:15:33.183Z", "updated_at": "2025-04-29T01:15:33.183Z", "ingredients": [8, 33], "categories": [2]}}, {"model": "recipes.recipe", "pk": 22, "fields": {"name": "レッドホットもやし", "url": "https://www.youtube.com/watch?v=ypezS3q4ui4&pp=ygUb44KM44Gj44Gp44G744Gj44Go44KC44KE44GX", "thumbnail": "https://img.youtube.com/vi/ypezS3q4ui4/sddefault.jpg", "notes": "", "created_at": "2025-04-29T03:56:48.988Z", "updated_at": "2025-04-29T03:56:48.988Z", "ingredients": [35], "categories": [2]}}, {"model": "recipes.recipe", "pk": 23, "fields": {"name": "レンジサラダチキン", "url": "https://youtu.be/7il2sEYzMYA?si=snZPlXbHcMVG7F4s", "thumbnail": "https://img.youtube.com/vi/7il2sEYzMYA/sddefault.jpg", "notes": "", "created_at": "2025-04-29T03:58:42.690Z", "updated_at": "2025-04-29T03:58:42.690Z", "ingredients": [1], "categories": [1]}}, {"model": "recipes.recipe", "pk": 24, "fields": {"name": "ディアボラ(悪魔)風チキン　リュウジ", "url": "https://www.youtube.com/watch?v=62flp43Ldvs", "thumbnail": "https://img.youtube.com/vi/62flp43Ldvs/sddefault.jpg", "notes": "バターなしでもおいしい", "created_at": "2025-04-30T04:40:38.763Z", "updated_at": "2025-04-30T04:40:38.763Z", "ingredients": [1, 8, 36], "categories": [1]}}]